"0","library(dplyr)"
"0",""
"0","players_stats_2018 <- NHLdraftstats %>%"
"0","  filter(draftyear == 2018, position == ""Forward"") %>%"
"0","  select(name, position, NHLgames) "
"0",""
"0","library(dplyr)"
"0","library(ggplot2)"
"0",""
"0","# Assuming Elias Lindholm is also a forward and you want his stats"
"0","elias_metric <- NHLdraftstats %>%"
"0","  filter(name == ""Elias Lindholm"", position == ""Forward"") %>%"
"0","  summarise(AverageNHLGames = mean(NHLgames, na.rm = TRUE))"
"0",""
"0","# Calculate the average NHL games for forwards drafted in 2018"
"0","avg_2018_metric <- players_stats_2018 %>%"
"0","  filter(position == ""Forward"") %>%"
"0","  summarise(AverageNHLGames = mean(NHLgames, na.rm = TRUE))"
"0",""
"0","# Combine the data for comparison"
"0","comparison_data <- rbind("
"0","  data.frame(Name = ""Elias Lindholm"", Metric = elias_metric$AverageNHLGames),"
"0","  data.frame(Name = ""2018 Forwards"", Metric = avg_2018_metric$AverageNHLGames)"
"0",")"
"0",""
"0","# Plot the comparison"
"0","ggplot(comparison_data, aes(x = Name, y = Metric, fill = Name)) +"
"0","  geom_col() +"
"0","  theme_minimal() +"
"0","  ggtitle(""Comparison: Elias Lindholm vs. 2018 Forwards"") +"
"0","  ylab(""Average NHL Games Played"") +"
"0","  xlab("""") +"
"0","  scale_fill_manual(values = c(""Elias Lindholm"" = ""blue"", ""2018 Forwards"" = ""red""))"
