"0","# Plot the timeline with facets, adjusted x-axis labels, individual colors, and centralized title
ggplot(all_award_counts, aes(x = Start_Date)) +
  geom_freqpoly(aes(color = sponsor_colors), binwidth = 30, size = 1) +
  labs(title = ""Awards Timeline by Sponsor"",
       x = ""Start Date"",
       y = ""Count"") +
  scale_x_date(date_breaks = ""1 year"", date_labels = ""%Y"", expand = c(0, 0)) +
  facet_wrap(~Sponsor) +
  scale_color_manual(values = sponsor_colors) +
  theme_minimal() +
  theme(
    plot.title = element_text(hjust = 0.5)
  )
"
"1","[1m[33mError[39m in `geom_freqpoly()`:[22m
[38;5;232m[33m![38;5;232m Problem while computing aesthetics.
[36mâ„¹[38;5;232m Error occurred in the 1st layer.[39m
[1mCaused by error in `check_aesthetics()`:[22m
[38;5;232m[33m![38;5;232m Aesthetics must be either length 1 or the same as the data (387)
[31mâœ–[38;5;232m Fix the following mappings: `colour`[39m
Backtrace:
[90m  1. [39m[1mbase[22m (local) `<fn>`(x)
[90m  2. [39mggplot2:::print.ggplot(x)
[90m  4. [39mggplot2:::ggplot_build.ggplot(x)
[90m  5. [39mggplot2:::by_layer(...)
[90m 12. [39mggplot2 (local) f(l = layers[[i]], d = data[[i]])
[90m 13. [39ml$compute_aesthetics(d, plot)
[90m 14. [39mggplot2 (local) compute_aesthetics(..., self = self)
[90m 15. [39m[1m[94mggplot2:::check_aesthetics([39m[22mevaled, n[1m[94m)[39m[22m
"
